{"cam": [1313.314334,1313.314334,640.000000,360.000000], "distort": [-0.156849,0.513416], "map_range": [0.000000,255.000000,0.000000,3.012238]}
